{
	"version": 1,
	"allow_edit": true,
	"plugins": [],
	"panes": [
		{
			"width": 1,
			"row": {
				"3": 1
			},
			"col": {
				"3": 1
			},
			"col_width": "3",
			"widgets": [
				{
					"type": "sparkline",
					"settings": {
						"title": "IMU",
						"value": [
							"datasources[\"server\"][\"x\"]",
							"datasources[\"server\"][\"y\"]",
							"datasources[\"server\"][\"z\"]"
						],
						"include_legend": true,
						"legend": "x,y,z"
					}
				}
			]
		}
	],
	"datasources": [
		{
			"name": "server",
			"type": "node_js",
			"settings": {
				"url": "localhost",
				"events": [
					{
						"eventName": "imu"
					}
				]
			}
		}
	],
	"columns": 3
}