"Position","Name","Type","Signal","Label"
"1","PE2","I/O","SPI4_SCK","IMU_SCK"
"2","PE3","I/O","",""
"3","PE4","I/O","SPI4_NSS","IMU_NSS"
"4","PE5","I/O","SPI4_MISO","IMU_MISO"
"5","PE6","I/O","SPI4_MOSI","IMU_MOSI"
"6","VBAT","Power","",""
"7","PC13","Input","GPIO_Input","User Blue Button [B1]"
"8","PC14/OSC32_IN","I/O","RCC_OSC32_IN",""
"9","PC15/OSC32_OUT","I/O","RCC_OSC32_OUT",""
"10","PF0","I/O","",""
"11","PF1","I/O","",""
"12","PF2","I/O","",""
"13","PF3","I/O","ADC3_IN9","LAT_DIST_FRONT_ADC"
"14","PF4","I/O","ADC3_IN14","BATT_V1_ADC"
"15","PF5","I/O","ADC3_IN15","EC_ACTUATOR_ADC"
"16","VSS","Power","",""
"17","VDD","Power","",""
"18","PF6","I/O","ADC3_IN4","BATT_TEMP1_ADC"
"19","PF7","I/O","ADC3_IN5","LEV_DIST_FL_ADC"
"20","PF8","I/O","ADC3_IN6","LEV_DIST_FR_ADC"
"21","PF9","I/O","ADC3_IN7","LEV_DIST_BL_ADC"
"22","PF10","I/O","ADC3_IN8","LEV_DIST_BR_ADC"
"23","PH0/OSC_IN","I/O","RCC_OSC_IN","MCO [STM32F103CBT6_PA8]"
"24","PH1/OSC_OUT","I/O","RCC_OSC_OUT",""
"25","NRST","Reset","",""
"26","PC0","I/O","ADC1_IN10","EC_DIST_Y_ADC"
"27","PC1","I/O","ETH_MDC","RMII_MDC [LAN8742A-CZ-TR_MDC]"
"28","PC2","I/O","ADC1_IN12","EC_DIST_X_ADC"
"29","PC3","I/O","ADC2_IN13","EC_TEMP_1_ADC"
"30","VDD","Power","",""
"31","VSSA","Power","",""
"32","VREF+","Power","",""
"33","VDDA","Power","",""
"34","PA0/WKUP","I/O","ADC1_IN0","LEV_DPR_FL_ADC"
"35","PA1","I/O","ETH_REF_CLK","RMII_REF_CK [LAN8742A-CZ-TR_REFCLK0]"
"36","PA2","I/O","ETH_MDIO","RMII_MDIO [LAN8742A-CZ-TR_MDIO]"
"37","PA3","I/O","ADC1_IN3","LEV_DPR_FR_ADC"
"38","VSS","Power","",""
"39","VDD","Power","",""
"40","PA4","I/O","ADC1_IN4","LEV_DPR_BL_ADC"
"41","PA5","I/O","ADC1_IN5","LEV_DPR_BR_ADC"
"42","PA6","I/O","ADC1_IN6","LEV_LOW_PRESS_REG_ADC"
"43","PA7","I/O","ETH_CRS_DV","RMII_CRS_DV [LAN8742A-CZ-TR_CRS_DV]"
"44","PC4","I/O","ETH_RXD0","RMII_RXD0 [LAN8742A-CZ-TR_RXD0]"
"45","PC5","I/O","ETH_RXD1","RMII_RXD1 [LAN8742A-CZ-TR_RXD1]"
"46","PB0","I/O","ADC1_IN8","LEV_HIGH_PRESS_REG_ADC"
"47","PB1","I/O","ADC1_IN9","LAT_DIST_BACK_ADC"
"48","PB2","I/O","GPIO_EXTI2","BATT_V_LOW_IN"
"49","PF11","I/O","GPIO_EXTI11","FRICT_REED_R_IN"
"50","PF12","I/O","GPIO_EXTI12","FRICT_REED_L_IN"
"51","VSS","Power","",""
"52","VDD","Power","",""
"53","PF13","I/O","GPIO_EXTI13","DRIVE_REED_IN"
"54","PF14","I/O","",""
"55","PF15","I/O","",""
"56","PG0","I/O","GPIO_EXTI0","EC_OVER_TEMP_IN"
"57","PG1","I/O","GPIO_EXTI1","BATT_OVER_TEMP_IN"
"58","PE7","I/O","",""
"59","PE8","I/O","",""
"60","PE9","I/O","TIM1_CH1","LEV_DPR_FL_PWM"
"61","VSS","Power","",""
"62","VDD","Power","",""
"63","PE10","I/O","",""
"64","PE11","I/O","TIM1_CH2","LEV_DPR_FR_PWM"
"65","PE12","I/O","",""
"66","PE13","I/O","TIM1_CH3","LEV_DPR_BL_PWM"
"67","PE14","I/O","TIM1_CH4","LEV_DPR_BR_PWM"
"68","PE15","I/O","",""
"69","PB10","I/O","TIM2_CH3","EC_PRESS_CTRL_PWM"
"70","PB11","I/O","",""
"71","VCAP_1","Power","",""
"72","VDD","Power","",""
"73","PB12","I/O","",""
"74","PB13","I/O","ETH_TXD1","RMII_TXD1 [LAN8742A-CZ-TR_TXD1]"
"75","PB14","Output","GPIO_Output","LD3 [Red]"
"76","PB15","I/O","",""
"77","PD8","I/O","USART3_TX","STLK_RX [STM32F103CBT6_PA3]"
"78","PD9","I/O","USART3_RX","STLK_TX [STM32F103CBT6_PA2]"
"79","PD10","I/O","",""
"80","PD11","I/O","",""
"81","PD12","I/O","",""
"82","PD13","I/O","",""
"83","VSS","Power","",""
"84","VDD","Power","",""
"85","PD14","I/O","",""
"86","PD15","I/O","",""
"87","PG2","I/O","",""
"88","PG3","I/O","",""
"89","PG4","Output","GPIO_Output","DRIVE_REVERSE"
"90","PG5","Output","GPIO_Output","DRIVE_FORWARD"
"91","PG6","Output","GPIO_Output","USB_PowerSwitchOn [STMPS2151STR_EN]"
"92","PG7","Input","GPIO_Input","USB_OverCurrent [STMPS2151STR_FAULT]"
"93","PG8","I/O","",""
"94","VSS","Power","",""
"95","VDDUSB","Power","",""
"96","PC6","Output","GPIO_Output","IWDG_SHUTDOWN_EN"
"97","PC7","Output","GPIO_Output","DRIVE_ACTUATE_EN"
"98","PC8","Output","GPIO_Output","FRICT_SOL_EN"
"99","PC9","Output","GPIO_Output","LEV_SOL_EN"
"100","PA8","I/O","USB_OTG_FS_SOF","USB_SOF [TP1]"
"101","PA9","I/O","USB_OTG_FS_VBUS","USB_VBUS"
"102","PA10","I/O","USB_OTG_FS_ID","USB_ID"
"103","PA11","I/O","USB_OTG_FS_DM","USB_DM"
"104","PA12","I/O","USB_OTG_FS_DP","USB_DP"
"105","PA13","I/O","SYS_JTMS-SWDIO","TMS"
"106","VCAP_2","Power","",""
"107","VSS","Power","",""
"108","VDD","Power","",""
"109","PA14","I/O","SYS_JTCK-SWCLK","TCK"
"110","PA15","I/O","",""
"111","PC10","I/O","",""
"112","PC11","I/O","",""
"113","PC12","I/O","",""
"114","PD0","I/O","",""
"115","PD1","I/O","",""
"116","PD2","I/O","",""
"117","PD3","I/O","",""
"118","PD4","I/O","",""
"119","PD5","I/O","",""
"120","VSS","Power","",""
"121","VDD","Power","",""
"122","PD6","I/O","",""
"123","PD7","I/O","",""
"124","PG9","I/O","",""
"125","PG10","I/O","",""
"126","PG11","I/O","ETH_TX_EN","RMII_TX_EN [LAN8742A-CZ-TR_TXEN]"
"127","PG12","I/O","",""
"128","PG13","I/O","ETH_TXD0","RMII_TXD0 [LAN8742A-CZ-TR_TXD0]"
"129","PG14","I/O","",""
"130","VSS","Power","",""
"131","VDD","Power","",""
"132","PG15","I/O","",""
"133","PB3","I/O","SYS_JTDO-SWO","SW0"
"134","PB4","I/O","",""
"135","PB5","I/O","",""
"136","PB6","I/O","",""
"137","PB7","Output","GPIO_Output","LD2 [Blue]"
"138","BOOT0","Boot","",""
"139","PB8","I/O","I2C1_SCL","BATT_SCL"
"140","PB9","I/O","I2C1_SDA","BATT_SDA"
"141","PE0","I/O","UART8_RX","UART8_RPI_RX"
"142","PE1","I/O","UART8_TX","UART8_RPI_TX"
"143","PDR_ON","Reset","",""
"144","VDD","Power","",""
